Date,price
1/29/2013,79.559998
1/30/2013,79.279999
1/31/2013,79.209999
2/1/2013,79.129997
2/4/2013,79.550003
2/5/2013,79.489998
2/6/2013,79.720001
2/7/2013,80.190002
2/8/2013,80.25
2/11/2013,80.309998
2/12/2013,80.110001
2/13/2013,80.089996
2/14/2013,80.459999
2/15/2013,80.580002
2/19/2013,80.470001
2/20/2013,81.089996
2/21/2013,81.459999
2/22/2013,81.480003
2/25/2013,81.669998
2/26/2013,81.870003
2/27/2013,81.599998
2/28/2013,81.980003
3/1/2013,82.309998
3/4/2013,82.220001
3/5/2013,82.089996
3/6/2013,82.459999
3/7/2013,82.080002
3/8/2013,82.699997
3/11/2013,82.57
3/12/2013,82.580002
3/13/2013,82.889999
3/14/2013,82.610001
3/15/2013,82.260002
3/18/2013,82.690002
3/19/2013,82.989998
3/20/2013,82.779999
3/21/2013,82.800003
3/22/2013,82.529999
3/25/2013,82.870003
3/26/2013,82.879997
3/27/2013,83.209999
3/28/2013,82.989998
4/1/2013,82.730003
4/2/2013,82.940002
4/3/2013,82.720001
4/4/2013,82.68
4/5/2013,82.5
4/8/2013,82.75
4/9/2013,82.309998
4/10/2013,82.529999
4/11/2013,82.25
4/12/2013,82.309998
4/15/2013,82.419998
4/16/2013,81.75
4/17/2013,82.660004
4/18/2013,82.550003
4/19/2013,82.709999
4/22/2013,82.68
4/23/2013,83.029999
4/24/2013,82.93
4/25/2013,82.739998
4/26/2013,82.480003
4/29/2013,82.150002
4/30/2013,81.730003
5/1/2013,81.639999
5/2/2013,82.209999
5/3/2013,82.099998
5/6/2013,82.32
5/7/2013,82.300003
5/8/2013,81.900002
5/9/2013,82.790001
5/10/2013,83.139999
5/13/2013,83.260002
5/14/2013,83.57
5/15/2013,83.830002
5/16/2013,83.769997
5/17/2013,84.279999
5/20/2013,83.809998
5/21/2013,83.860001
5/22/2013,84.25
5/23/2013,83.800003
5/24/2013,83.699997
5/28/2013,84.139999
5/29/2013,83.639999
5/30/2013,83.010002
5/31/2013,83.379997
6/3/2013,82.68
6/4/2013,82.769997
6/5/2013,82.57
6/6/2013,81.519997
6/7/2013,81.690002
6/10/2013,81.650002
6/11/2013,81.059998
6/12/2013,80.959999
6/13/2013,80.620003
6/14/2013,80.669998
6/17/2013,80.57
6/18/2013,80.620003
6/19/2013,81.43
6/20/2013,81.839996
6/21/2013,82.32
6/24/2013,82.43
6/25/2013,82.580002
6/26/2013,82.949997
6/27/2013,82.910004
6/28/2013,83.169998
7/1/2013,82.980003
7/2/2013,83.540001
7/3/2013,83.230003
7/5/2013,84.419998
7/8/2013,84.199997
7/9/2013,84.580002
7/10/2013,84.040001
7/11/2013,82.75
7/12/2013,82.989998
7/15/2013,83.040001
7/16/2013,82.43
7/17/2013,82.709999
7/18/2013,82.82
7/19/2013,82.580002
7/22/2013,82.220001
7/23/2013,82.010002
7/24/2013,82.300003
7/25/2013,81.970001
7/26/2013,81.620003
7/29/2013,81.660004
7/30/2013,81.830002
7/31/2013,81.449997
8/1/2013,82.339996
8/2/2013,81.910004
8/5/2013,81.879997
8/6/2013,81.599998
8/7/2013,81.290001
8/8/2013,81.010002
8/9/2013,81.129997
8/12/2013,81.330002
8/13/2013,81.730003
8/14/2013,81.699997
8/15/2013,81.129997
8/16/2013,81.260002
8/19/2013,81.230003
8/20/2013,80.910004
8/21/2013,81.32
8/22/2013,81.489998
8/23/2013,81.339996
8/26/2013,81.370003
8/27/2013,81.169998
8/28/2013,81.419998
8/29/2013,81.949997
8/30/2013,82.089996
9/3/2013,82.360001
9/4/2013,82.169998
9/5/2013,82.629997
9/6/2013,82.150002
9/9/2013,81.790001
9/10/2013,81.82
9/11/2013,81.519997
9/12/2013,81.489998
9/13/2013,81.449997
9/16/2013,81.25
9/17/2013,81.169998
9/18/2013,80.239998
9/19/2013,80.360001
9/20/2013,80.440002
9/23/2013,80.449997
9/24/2013,80.559998
9/25/2013,80.330002
9/26/2013,80.519997
9/27/2013,80.269997
9/30/2013,80.220001
10/1/2013,80.099998
10/2/2013,79.879997
10/3/2013,79.769997
10/4/2013,80.120003
10/7/2013,79.940002
10/8/2013,80.059998
10/9/2013,80.370003
10/10/2013,80.419998
10/11/2013,80.360001
10/14/2013,80.260002
10/15/2013,80.480003
10/16/2013,80.5
10/17/2013,79.650002
10/18/2013,79.639999
10/21/2013,79.68
10/22/2013,79.239998
10/23/2013,79.260002
10/24/2013,79.190002
10/25/2013,79.18
10/28/2013,79.25
10/29/2013,79.629997
10/30/2013,79.75
10/31/2013,80.199997
11/1/2013,80.730003
11/4/2013,80.550003
11/5/2013,80.709999
11/6/2013,80.480003
11/7/2013,80.82
11/8/2013,81.209999
11/11/2013,81.089996
11/12/2013,81.190002
11/13/2013,80.93
11/14/2013,80.980003
11/15/2013,80.839996
11/18/2013,80.830002
11/19/2013,80.699997
11/20/2013,81.110001
11/21/2013,81.050003
11/22/2013,80.709999
11/25/2013,80.919998
11/26/2013,80.610001
11/27/2013,80.739998
11/29/2013,80.68
12/2/2013,80.910004
12/3/2013,80.620003
12/4/2013,80.629997
12/5/2013,80.269997
12/6/2013,80.269997
12/9/2013,80.129997
12/10/2013,79.970001
12/11/2013,79.889999
12/12/2013,80.199997
12/13/2013,80.209999
12/16/2013,80.07
12/17/2013,80.059998
12/18/2013,80.110001
12/19/2013,80.629997
12/20/2013,80.580002
12/23/2013,80.449997
12/24/2013,80.529999
12/26/2013,80.480003
12/27/2013,80.389999
12/30/2013,80
12/31/2013,80.040001
1/2/2014,80.629997
1/3/2014,80.790001
1/6/2014,80.650002
1/7/2014,80.830002
1/8/2014,81.040001
1/9/2014,81.010002
1/10/2014,80.660004
1/13/2014,80.510002
1/14/2014,80.610001
1/15/2014,81
1/16/2014,80.900002
1/17/2014,81.260002
1/21/2014,81.099998
1/22/2014,81.169998
1/23/2014,80.440002
1/24/2014,80.459999
1/27/2014,80.5
1/28/2014,80.57
1/29/2014,80.510002
1/30/2014,81.089996
1/31/2014,81.269997
2/3/2014,81.010002
2/4/2014,81.120003
2/5/2014,81.029999
2/6/2014,80.889999
2/7/2014,80.690002
2/10/2014,80.669998
2/11/2014,80.629997
2/12/2014,80.68
2/13/2014,80.290001
2/14/2014,80.129997
2/18/2014,80.010002
2/19/2014,80.169998
2/20/2014,80.290001
2/21/2014,80.239998
2/24/2014,80.209999
2/25/2014,80.150002
2/26/2014,80.410004
2/27/2014,80.290001
2/28/2014,79.779999
3/3/2014,80.07
3/4/2014,80.160004
3/5/2014,80.110001
3/6/2014,79.68
3/7/2014,79.720001
3/10/2014,79.75
3/11/2014,79.769997
3/12/2014,79.610001
3/13/2014,79.620003
3/14/2014,79.440002
3/17/2014,79.389999
3/18/2014,79.410004
3/19/2014,79.989998
3/20/2014,80.209999
3/21/2014,80.110001
3/24/2014,79.93
3/25/2014,79.940002
3/26/2014,79.980003
3/27/2014,80.110001
3/28/2014,80.18
3/31/2014,80.099998
4/1/2014,80.080002
4/2/2014,80.220001
4/3/2014,80.470001
4/4/2014,80.419998
4/7/2014,80.220001
4/8/2014,79.75
4/9/2014,79.480003
4/10/2014,79.379997
4/11/2014,79.449997
4/14/2014,79.730003
4/15/2014,79.800003
4/16/2014,79.82
4/17/2014,79.830002
4/21/2014,79.949997
4/22/2014,79.910004
4/23/2014,79.860001
4/24/2014,79.800003
4/25/2014,79.769997
4/28/2014,79.68
4/29/2014,79.809998
4/30/2014,79.489998
5/1/2014,79.529999
5/2/2014,79.519997
5/5/2014,79.489998
5/6/2014,79.139999
5/7/2014,79.220001
5/8/2014,79.43
5/9/2014,79.900002
5/12/2014,79.900002
5/13/2014,80.139999
5/14/2014,80.07
5/15/2014,80
5/16/2014,80.040001
5/19/2014,79.989998
5/20/2014,80.040001
5/21/2014,80.099998
5/22/2014,80.25
5/23/2014,80.389999
5/27/2014,80.349998
5/28/2014,80.57
5/29/2014,80.489998
5/30/2014,80.370003
6/2/2014,80.639999
6/3/2014,80.550003
6/4/2014,80.669998
6/5/2014,80.370003
6/6/2014,80.410004
6/9/2014,80.650002
6/10/2014,80.82
6/11/2014,80.790001
6/12/2014,80.580002
6/13/2014,80.580002
6/16/2014,80.470001
6/17/2014,80.629997
6/18/2014,80.580002
6/19/2014,80.32
6/20/2014,80.370003
6/23/2014,80.260002
6/24/2014,80.330002
6/25/2014,80.220001
6/26/2014,80.230003
6/27/2014,80.040001
6/30/2014,79.779999
7/1/2014,79.82
7/2/2014,79.959999
7/3/2014,80.209999
7/7/2014,80.220001
7/8/2014,80.18
7/9/2014,79.989998
7/10/2014,80.129997
7/11/2014,80.190002
7/14/2014,80.190002
7/15/2014,80.389999
7/16/2014,80.559998
7/17/2014,80.519997
7/18/2014,80.519997
7/21/2014,80.559998
7/22/2014,80.779999
7/23/2014,80.809998
7/24/2014,80.870003
7/25/2014,81.029999
7/28/2014,81.029999
7/29/2014,81.209999
7/30/2014,81.419998
7/31/2014,81.459999
8/1/2014,81.300003
8/4/2014,81.330002
8/5/2014,81.519997
8/6/2014,81.440002
8/7/2014,81.519997
8/8/2014,81.389999
8/11/2014,81.470001
8/12/2014,81.5
8/13/2014,81.599998
8/14/2014,81.589996
8/15/2014,81.419998
8/18/2014,81.580002
8/19/2014,81.879997
8/20/2014,82.25
8/21/2014,82.150002
8/22/2014,82.339996
8/25/2014,82.550003
8/26/2014,82.650002
8/27/2014,82.43
8/28/2014,82.480003
8/29/2014,82.75
9/2/2014,82.989998
9/3/2014,82.870003
9/4/2014,83.82
9/5/2014,83.760002
9/8/2014,84.230003
9/9/2014,84.279999
9/10/2014,84.25
9/11/2014,84.300003
9/12/2014,84.239998
9/15/2014,84.260002
9/16/2014,84.07
9/17/2014,84.699997
9/18/2014,84.32
9/19/2014,84.800003
9/22/2014,84.669998
9/23/2014,84.660004
9/24/2014,85.050003
9/25/2014,85.199997
9/26/2014,85.639999
9/29/2014,85.589996
9/30/2014,85.940002
10/1/2014,85.970001
10/2/2014,85.599998
10/3/2014,86.690002
10/6/2014,85.709999
10/7/2014,85.669998
10/8/2014,85.300003
10/9/2014,85.519997
10/10/2014,85.910004
10/13/2014,85.43
10/14/2014,85.82
10/15/2014,85.150002
10/16/2014,85
10/17/2014,85.190002
10/20/2014,84.949997
10/21/2014,85.309998
10/22/2014,85.739998
10/23/2014,85.839996
10/24/2014,85.730003
10/27/2014,85.5
10/28/2014,85.410004
10/29/2014,85.949997
10/30/2014,86.150002
10/31/2014,86.879997
11/3/2014,87.309998
11/4/2014,86.980003
11/5/2014,87.440002
11/6/2014,88.010002
11/7/2014,87.639999
11/10/2014,87.809998
11/11/2014,87.529999
11/12/2014,87.82
11/13/2014,87.669998
11/14/2014,87.529999
11/17/2014,87.93
11/18/2014,87.580002
11/19/2014,87.650002
11/20/2014,87.589996
11/21/2014,88.309998
11/24/2014,88.150002
11/25/2014,87.919998
11/26/2014,87.610001
11/28/2014,88.360001
12/1/2014,87.949997
12/2/2014,88.650002
12/3/2014,88.959999
12/4/2014,88.699997
12/5/2014,89.330002
12/8/2014,89.040001
12/9/2014,88.690002
12/10/2014,88.269997
12/11/2014,88.660004
12/12/2014,88.360001
12/15/2014,88.459999
12/16/2014,88.129997
12/17/2014,89.129997
12/18/2014,89.239998
12/19/2014,89.599998
12/22/2014,89.769997
12/23/2014,90.059998
12/24/2014,89.970001
12/26/2014,90.029999
12/29/2014,90.190002
12/30/2014,89.989998
12/31/2014,90.269997
1/2/2015,91.080002
1/5/2015,91.379997
1/6/2015,91.5
1/7/2015,91.889999
1/8/2015,92.370003
1/9/2015,91.940002
1/12/2015,91.980003
1/13/2015,92.309998
1/14/2015,92.160004
1/15/2015,92.349998
1/16/2015,92.519997
1/20/2015,93.050003
1/21/2015,92.900002
1/22/2015,94.239998
1/23/2015,95
1/26/2015,94.800003
1/27/2015,94.019997
1/28/2015,94.470001
1/29/2015,94.779999
1/30/2015,94.800003
2/2/2015,94.5
2/3/2015,93.599998
2/4/2015,93.989998
2/5/2015,94.699997
2/6/2015,94.699997
2/9/2015,94.449997
2/10/2015,94.760002
2/11/2015,94.989998
2/12/2015,94.089996
2/13/2015,94.199997
2/17/2015,94.059998
2/18/2015,94.199997
2/19/2015,94.400002
2/20/2015,94.25
2/23/2015,94.57
2/24/2015,94.489998
2/25/2015,94.209999
2/26/2015,95.290001
2/27/2015,95.25
3/2/2015,95.459999
3/3/2015,95.379997
3/4/2015,95.970001
3/5/2015,96.379997
3/6/2015,97.620003
3/9/2015,97.589996
3/10/2015,98.620003
3/11/2015,99.800003
3/12/2015,99.150002
3/13/2015,100.330002
3/16/2015,99.599998
3/17/2015,99.589996
3/18/2015,98.550003
3/19/2015,99.099998
3/20/2015,97.910004
3/23/2015,97.029999
3/24/2015,97.190002
3/25/2015,96.980003
3/26/2015,97.440002
3/27/2015,97.290001
3/30/2015,97.980003
3/31/2015,98.360001
4/1/2015,98.190002
4/2/2015,97.440002
4/6/2015,97.110001
4/7/2015,97.830002
4/8/2015,98.07
4/9/2015,99.160004
4/10/2015,99.389999
4/13/2015,99.489998
4/14/2015,98.760002
4/15/2015,98.330002
4/16/2015,97.419998
4/17/2015,97.519997
4/20/2015,97.940002
4/21/2015,97.980003
4/22/2015,98.019997
4/23/2015,97.279999
4/24/2015,96.919998
4/27/2015,96.769997
4/28/2015,96.089996
4/29/2015,95.120003
4/30/2015,94.599998
5/1/2015,95.300003
5/4/2015,95.480003
5/5/2015,95.129997
5/6/2015,94.129997
5/7/2015,94.620003
5/8/2015,94.790001
5/11/2015,95.010002
5/12/2015,94.529999
5/13/2015,93.620003
5/14/2015,93.360001
5/15/2015,93.139999
5/18/2015,94.190002
5/19/2015,95.269997
5/20/2015,95.449997
5/21/2015,95.260002
5/22/2015,96.010002
5/26/2015,97.300003
5/27/2015,97.370003
5/28/2015,96.970001
5/29/2015,96.910004
6/1/2015,97.389999
6/2/2015,95.839996
6/3/2015,95.470001
6/4/2015,95.459999
6/5/2015,96.309998
6/8/2015,95.300003
6/9/2015,95.169998
6/10/2015,94.650002
6/11/2015,94.980003
6/12/2015,94.970001
6/15/2015,94.809998
6/16/2015,95
6/17/2015,94.300003
6/18/2015,94.040001
6/19/2015,94.089996
6/22/2015,94.330002
6/23/2015,95.43
6/24/2015,95.260002
6/25/2015,95.190002
6/26/2015,95.470001
6/29/2015,94.790001
6/30/2015,95.489998
7/1/2015,96.309998
7/2/2015,96.110001
7/6/2015,96.300003
7/7/2015,96.870003
7/8/2015,96.290001
7/9/2015,96.610001
7/10/2015,96.029999
7/13/2015,96.860001
7/14/2015,96.639999
7/15/2015,97.129997
7/16/2015,97.660004
7/17/2015,97.860001
7/20/2015,98.029999
7/21/2015,97.330002
7/22/2015,97.599998
7/23/2015,97.120003
7/24/2015,97.239998
7/27/2015,96.5
7/28/2015,96.769997
7/29/2015,96.980003
7/30/2015,97.559998
7/31/2015,97.370003
8/3/2015,97.489998
8/4/2015,97.93
8/5/2015,97.959999
8/6/2015,97.830002
8/7/2015,97.559998
8/10/2015,97.160004
8/11/2015,97.290001
8/12/2015,96.260002
8/13/2015,96.449997
8/14/2015,96.57
8/17/2015,96.82
8/18/2015,96.970001
8/19/2015,96.459999
8/20/2015,95.75
8/21/2015,94.830002
8/24/2015,93.309998
8/25/2015,94.529999
8/26/2015,95.099998
8/27/2015,95.610001
8/28/2015,96.110001
8/31/2015,95.949997
9/1/2015,95.449997
9/2/2015,95.830002
9/3/2015,96.410004
9/4/2015,96.230003
9/8/2015,95.879997
9/9/2015,96.010002
9/10/2015,95.459999
9/11/2015,95.190002
9/14/2015,95.25
9/15/2015,95.610001
9/16/2015,95.419998
9/17/2015,94.550003
9/18/2015,94.860001
9/21/2015,95.889999
9/22/2015,96.279999
9/23/2015,96.07
9/24/2015,95.989998
9/25/2015,96.269997
9/28/2015,96.029999
9/29/2015,95.889999
9/30/2015,96.349998
10/1/2015,96.190002
10/2/2015,95.830002
10/5/2015,96.110001
10/6/2015,95.459999
10/7/2015,95.5
10/8/2015,95.32
10/9/2015,94.809998
10/12/2015,94.839996
10/13/2015,94.760002
10/14/2015,93.93
10/15/2015,94.370003
10/16/2015,94.540001
10/19/2015,94.959999
10/20/2015,94.849998
10/21/2015,95.050003
10/22/2015,96.339996
10/23/2015,97.07
10/26/2015,96.860001
10/27/2015,96.910004
10/28/2015,97.779999
10/29/2015,97.279999
10/30/2015,96.949997
11/2/2015,96.93
11/3/2015,97.160004
11/4/2015,97.949997
11/5/2015,97.940002
11/6/2015,99.160004
11/9/2015,98.980003
11/10/2015,99.290001
11/11/2015,99.010002
11/12/2015,98.650002
11/13/2015,98.989998
11/16/2015,99.440002
11/17/2015,99.629997
11/18/2015,99.650002
11/19/2015,98.989998
11/20/2015,99.57
11/23/2015,99.800003
11/24/2015,99.529999
11/25/2015,99.800003
11/27/2015,100.019997
11/30/2015,100.169998
12/1/2015,99.800003
12/2/2015,99.989998
12/3/2015,97.620003
12/4/2015,98.349998
12/7/2015,98.660004
12/8/2015,98.470001
12/9/2015,97.349998
12/10/2015,97.940002
12/11/2015,97.57
12/14/2015,97.599998
12/15/2015,98.220001
12/16/2015,97.870003
12/17/2015,99.269997
12/18/2015,98.699997
12/21/2015,98.459999
12/22/2015,98.239998
12/23/2015,98.339996
12/24/2015,97.980003
12/28/2015,97.919998
12/29/2015,98.099998
12/30/2015,98.269997
12/31/2015,98.629997
1/4/2016,98.870003
1/5/2016,99.400002
1/6/2016,99.18
1/7/2016,98.220001
1/8/2016,98.540001
1/11/2016,98.730003
1/12/2016,98.970001
1/13/2016,98.93
1/14/2016,99.089996
1/15/2016,98.959999
1/18/2016,99.120003
1/19/2016,98.989998
1/20/2016,99.089996
1/21/2016,99.059998
1/22/2016,99.57
1/25/2016,99.360001
1/26/2016,99.360001
1/27/2016,98.900002
1/28/2016,98.510002
1/29/2016,99.610001
2/1/2016,99
2/2/2016,98.870003
2/3/2016,97.290001
2/4/2016,96.470001
2/5/2016,97.029999
2/8/2016,96.57
2/9/2016,96.07
2/10/2016,95.889999
2/11/2016,95.559998
2/12/2016,95.980003
2/16/2016,96.870003
2/17/2016,96.790001
2/18/2016,96.949997
2/19/2016,96.599998
2/22/2016,97.379997
2/23/2016,97.480003
2/24/2016,97.459999
2/25/2016,97.290001
2/26/2016,98.150002
2/29/2016,98.209999
3/1/2016,98.349998
3/2/2016,98.209999
3/3/2016,97.57
3/4/2016,97.339996
3/7/2016,97.07
3/8/2016,97.209999
3/9/2016,97.169998
3/10/2016,96.07
3/11/2016,96.169998
3/14/2016,96.620003
3/15/2016,96.629997
3/16/2016,95.889999
3/17/2016,94.760002
3/18/2016,94.989998
3/21/2016,95.290001
3/22/2016,95.650002
3/23/2016,96.050003
3/24/2016,96.139999
3/28/2016,95.940002
3/29/2016,95.160004
3/30/2016,94.839996
3/31/2016,94.589996
4/1/2016,94.620003
4/4/2016,94.510002
4/5/2016,94.629997
4/6/2016,94.43
4/7/2016,94.480003
4/8/2016,94.239998
4/11/2016,93.949997
4/12/2016,93.959999
4/13/2016,94.739998
4/14/2016,94.900002
4/15/2016,94.699997
4/18/2016,94.489998
4/19/2016,93.980003
4/20/2016,94.489998
4/21/2016,94.599998
4/22/2016,95.120003
4/25/2016,94.839996
4/26/2016,94.57
4/27/2016,94.389999
4/28/2016,93.760002
4/29/2016,93.080002
5/2/2016,92.629997
5/3/2016,92.940002
5/4/2016,93.18
5/5/2016,93.779999
5/6/2016,93.889999
5/9/2016,94.150002
5/10/2016,94.290001
5/11/2016,93.82
5/12/2016,94.139999
5/13/2016,94.610001
5/16/2016,94.57
5/17/2016,94.550003
5/18/2016,95.080002
5/19/2016,95.290001
5/20/2016,95.309998
5/23/2016,95.230003
5/24/2016,95.57
5/25/2016,95.349998
5/26/2016,95.169998
5/27/2016,95.519997
5/31/2016,95.889999
6/1/2016,95.459999
6/2/2016,95.559998
6/3/2016,94.029999
6/6/2016,93.900002
6/7/2016,93.830002
6/8/2016,93.589996
6/9/2016,94.099998
6/10/2016,94.599998
6/13/2016,94.370003
6/14/2016,94.93
6/15/2016,94.610001
6/16/2016,94.57
6/17/2016,94.209999
6/20/2016,93.610001
6/21/2016,94.019997
6/22/2016,93.720001
6/23/2016,93.529999
6/24/2016,95.449997
6/27/2016,96.540001
6/28/2016,96.25
6/29/2016,95.769997
6/30/2016,96.139999
7/1/2016,95.650002
7/5/2016,96.169998
7/6/2016,96.059998
7/7/2016,96.330002
7/8/2016,96.300003
7/11/2016,96.57
7/12/2016,96.440002
7/13/2016,96.220001
7/14/2016,96.080002
7/15/2016,96.580002
7/18/2016,96.559998
7/19/2016,97.050003
7/20/2016,97.199997
7/21/2016,97
7/22/2016,97.470001
7/25/2016,97.290001
7/26/2016,97.160004
7/27/2016,97.050003
7/28/2016,96.739998
7/29/2016,95.529999
8/1/2016,95.709999
8/2/2016,95.059998
8/3/2016,95.559998
8/4/2016,95.760002
8/5/2016,96.190002
8/8/2016,96.400002
8/9/2016,96.18
8/10/2016,95.650002
8/11/2016,95.860001
8/12/2016,95.720001
8/15/2016,95.629997
8/16/2016,94.790001
8/17/2016,94.720001
8/18/2016,94.160004
8/19/2016,94.510002
8/22/2016,94.519997
8/23/2016,94.540001
8/24/2016,94.790001
8/25/2016,94.769997
8/26/2016,95.57
8/29/2016,95.580002
8/30/2016,96.050003
8/31/2016,96.019997
9/1/2016,95.650002
9/2/2016,95.879997
9/6/2016,94.82
9/7/2016,94.959999
9/8/2016,95.029999
9/9/2016,95.339996
9/12/2016,95.099998
9/13/2016,95.629997
9/14/2016,95.330002
9/15/2016,95.290001
9/16/2016,96.110001
9/19/2016,95.839996
9/20/2016,96.019997
9/21/2016,95.660004
9/22/2016,95.449997
9/23/2016,95.480003
9/26/2016,95.309998
9/27/2016,95.440002
9/28/2016,95.43
9/29/2016,95.540001
9/30/2016,95.459999
10/3/2016,95.75
10/4/2016,96.120003
10/5/2016,96.129997
10/6/2016,96.660004
10/7/2016,96.519997
10/11/2016,97.699997
10/12/2016,97.970001
10/13/2016,97.519997
10/14/2016,98.019997
10/17/2016,97.889999
10/18/2016,97.900002
10/19/2016,97.870003
10/20/2016,98.32
10/21/2016,98.699997
10/24/2016,98.669998
10/25/2016,98.720001
10/26/2016,98.629997
10/27/2016,98.889999
10/28/2016,98.349998
10/31/2016,98.449997
11/1/2016,97.699997
11/2/2016,97.400002
11/3/2016,97.160004
11/4/2016,97.07
11/7/2016,97.779999
11/8/2016,97.860001
11/9/2016,98.5
11/10/2016,98.790001
11/14/2016,100.110001
11/15/2016,100.190002
11/16/2016,100.410004
11/17/2016,100.889999
11/18/2016,101.209999
11/21/2016,101.050003
11/22/2016,101.040001
11/23/2016,101.699997
11/25/2016,101.489998
11/28/2016,101.330002
11/29/2016,100.93
11/30/2016,101.5
12/1/2016,101.040001
12/2/2016,100.769997
12/5/2016,100.139999
12/6/2016,100.489998
12/7/2016,100.230003
12/8/2016,101.07
12/9/2016,101.57
12/12/2016,100.959999
12/13/2016,101.029999
12/14/2016,102
12/15/2016,103.129997
12/16/2016,102.949997
12/19/2016,103.139999
12/20/2016,103.290001
12/21/2016,103.019997
12/22/2016,103.089996
12/23/2016,103.010002
12/27/2016,103.019997
12/28/2016,103.260002
12/29/2016,102.68
12/30/2016,102.389999
1/3/2017,103.209999
1/4/2017,102.699997
1/5/2017,101.519997
1/6/2017,102.220001
1/9/2017,101.93
1/10/2017,102.010002
1/11/2017,101.779999
1/12/2017,101.349998
1/13/2017,101.18
1/17/2017,100.330002
1/18/2017,100.93
1/19/2017,101.150002
1/20/2017,100.739998
1/23/2017,100.160004
1/24/2017,100.349998
1/25/2017,100.029999
1/26/2017,100.379997
1/27/2017,100.529999
1/30/2017,100.43
1/31/2017,99.510002
2/1/2017,99.639999
2/2/2017,99.849998
2/3/2017,99.870003
2/6/2017,99.910004
2/7/2017,100.260002
2/8/2017,100.279999
2/9/2017,100.650002
2/10/2017,100.800003
2/13/2017,100.959999
2/14/2017,101.25
2/15/2017,101.18
2/16/2017,100.440002
2/17/2017,100.949997
2/21/2017,101.370003
2/22/2017,101.330002
2/23/2017,101.050003
2/24/2017,101.089996
2/27/2017,101.129997
2/28/2017,101.120003
3/1/2017,101.779999
3/2/2017,102.199997
3/3/2017,101.540001
3/6/2017,101.639999
3/7/2017,101.809998
3/8/2017,102.07
3/9/2017,101.849998
3/10/2017,101.25
3/13/2017,101.379997
3/14/2017,101.699997
3/15/2017,100.739998
3/16/2017,100.269997
3/17/2017,100.300003
3/20/2017,100.410004
3/21/2017,99.809998
3/22/2017,99.68
3/23/2017,99.760002
3/24/2017,99.629997
3/27/2017,99.169998
3/28/2017,99.709999
3/29/2017,100
3/30/2017,100.410004
3/31/2017,100.349998
4/3/2017,100.540001
4/4/2017,100.540001
4/5/2017,100.559998
4/6/2017,100.669998
4/7/2017,101.18
4/10/2017,101.019997
4/11/2017,100.709999
4/12/2017,100.779999
4/13/2017,100.559998
4/17/2017,100.300003
4/18/2017,99.5
4/19/2017,99.739998
4/20/2017,99.779999
4/21/2017,99.980003
4/24/2017,99.089996
4/25/2017,98.82
4/26/2017,98.959999
4/27/2017,99.080002
4/28/2017,99.050003
5/1/2017,99.139999
5/2/2017,98.980003
5/3/2017,99.209999
5/4/2017,98.760002
5/5/2017,98.650002
5/8/2017,99.150002
5/9/2017,99.589996
5/10/2017,99.669998
5/11/2017,99.620003
5/12/2017,99.25
5/15/2017,98.910004
5/16/2017,98.110001
5/17/2017,97.419998
5/18/2017,97.879997
5/19/2017,97.150002
5/22/2017,96.980003
5/23/2017,97.349998
5/24/2017,97.239998
5/25/2017,97.25
5/26/2017,97.400002
5/30/2017,97.279999
5/31/2017,96.919998
6/1/2017,97.199997
6/2/2017,96.720001
6/5/2017,96.800003
6/6/2017,96.639999
6/7/2017,96.75
6/8/2017,96.919998
6/9/2017,97.269997
6/12/2017,97.139999
6/13/2017,96.980003
6/14/2017,96.940002
6/15/2017,97.43
6/16/2017,97.160004
6/19/2017,97.529999
6/20/2017,97.75
6/21/2017,97.559998
6/22/2017,97.540001
6/23/2017,97.300003
6/26/2017,97.43
6/27/2017,96.470001
6/28/2017,96.050003
6/29/2017,95.629997
6/30/2017,95.660004
7/3/2017,96.199997
7/5/2017,96.290001
7/6/2017,95.82
7/7/2017,96.010002
7/10/2017,96.050003
7/11/2017,95.739998
7/12/2017,95.790001
7/13/2017,95.730003
7/14/2017,95.110001
7/17/2017,95.129997
7/18/2017,94.660004
7/19/2017,94.800003
7/20/2017,94.269997
7/21/2017,93.940002
7/24/2017,93.980003
7/25/2017,94.050003
7/26/2017,93.669998
7/27/2017,93.860001
7/28/2017,93.260002
7/31/2017,92.860001
8/1/2017,93.029999
8/2/2017,92.830002
8/3/2017,92.809998
8/4/2017,93.540001
8/7/2017,93.43
8/8/2017,93.639999
8/9/2017,93.519997
8/10/2017,93.400002
8/11/2017,93.07
8/14/2017,93.459999
8/15/2017,93.849998
8/16/2017,93.489998
8/17/2017,93.620003
8/18/2017,93.43
8/21/2017,93.099998
8/22/2017,93.550003
8/23/2017,93.150002
8/24/2017,93.279999
8/25/2017,92.739998
8/28/2017,92.209999
8/29/2017,92.349998
8/30/2017,92.879997
8/31/2017,92.669998
9/1/2017,92.809998
9/5/2017,92.309998
9/6/2017,92.290001
9/7/2017,91.529999
9/8/2017,91.330002
9/11/2017,91.860001
9/12/2017,91.910004
9/13/2017,92.519997
9/14/2017,92.120003
9/15/2017,91.870003
9/18/2017,92.050003
9/19/2017,91.790001
9/20/2017,92.510002
9/21/2017,92.260002
9/22/2017,92.169998
9/25/2017,92.650002
9/26/2017,92.970001
9/27/2017,93.360001
9/28/2017,93.089996
9/29/2017,93.080002
10/2/2017,93.559998
10/3/2017,93.57
10/4/2017,93.459999
10/5/2017,93.959999
10/6/2017,93.800003
10/9/2017,93.739998
10/10/2017,93.290001
10/11/2017,92.959999
10/12/2017,93.120003
10/13/2017,93.089996
10/16/2017,93.279999
10/17/2017,93.489998
10/18/2017,93.360001
10/19/2017,93.269997
10/20/2017,93.699997
10/23/2017,93.940002
10/24/2017,93.959999
10/25/2017,93.709999
10/26/2017,94.610001
10/27/2017,94.919998
10/30/2017,94.489998
10/31/2017,94.550003
11/1/2017,94.82
11/2/2017,94.690002
11/3/2017,94.940002
11/6/2017,94.720001
11/7/2017,94.910004
11/8/2017,94.870003
11/9/2017,94.440002
11/10/2017,94.389999
11/13/2017,94.489998
11/14/2017,93.830002
11/15/2017,93.809998
11/16/2017,93.93
11/17/2017,93.660004
11/20/2017,94.080002
11/21/2017,93.949997
11/22/2017,93.220001
11/24/2017,92.760002
11/27/2017,92.900002
11/28/2017,93.260002
11/29/2017,93.260002
11/30/2017,93.010002
12/1/2017,92.900002
12/4/2017,93.190002
12/5/2017,93.379997
12/6/2017,93.610001
12/7/2017,93.800003
12/8/2017,93.900002
12/11/2017,93.870003
12/12/2017,94.099998
12/13/2017,93.43
12/14/2017,93.489998
12/15/2017,93.93
12/18/2017,93.699997
12/19/2017,93.470001
12/20/2017,93.349998
12/21/2017,93.279999
12/22/2017,93.349998
12/26/2017,93.260002
12/27/2017,93.029999
12/28/2017,92.599998
12/29/2017,92.120003
1/2/2018,91.849998
1/3/2018,92.160004
1/4/2018,91.849998
1/5/2018,91.949997
1/8/2018,92.330002
1/9/2018,92.529999
1/10/2018,92.330002
1/11/2018,91.849998
1/12/2018,90.970001
1/16/2018,90.389999
1/17/2018,90.540001
1/18/2018,90.5
1/19/2018,90.57
1/22/2018,90.400002
1/23/2018,90.120003
1/24/2018,89.209999
1/25/2018,89.389999
1/26/2018,89.07
1/29/2018,89.309998
1/30/2018,89.190002
1/31/2018,89.129997
2/1/2018,88.669998
2/2/2018,89.199997
2/5/2018,89.550003
2/6/2018,89.589996
2/7/2018,90.260002
2/8/2018,90.230003
2/9/2018,90.440002
2/12/2018,90.209999
2/13/2018,89.699997
2/14/2018,89.120003
2/15/2018,88.589996
2/16/2018,89.099998
2/20/2018,89.720001
2/21/2018,90.080002
2/22/2018,89.75
2/23/2018,89.879997
2/26/2018,89.82
2/27/2018,90.360001
2/28/2018,90.610001
3/1/2018,90.32
3/2/2018,89.940002
3/5/2018,90.080002
3/6/2018,89.620003
3/7/2018,89.639999
3/8/2018,90.120003
3/9/2018,90.089996
3/12/2018,89.900002
3/13/2018,89.660004
3/14/2018,89.699997
3/15/2018,90.139999
3/16/2018,90.230003
3/19/2018,89.900002
3/20/2018,90.370003
3/21/2018,89.779999
3/22/2018,89.860001
3/23/2018,89.440002
3/26/2018,89.029999
3/27/2018,89.370003
3/28/2018,90.059998
3/29/2018,90.150002
4/2/2018,90.050003
4/3/2018,90.199997
4/4/2018,90.139999
4/5/2018,90.459999
4/6/2018,90.110001
4/9/2018,89.839996
4/10/2018,89.589996
4/11/2018,89.57
4/12/2018,89.75
4/13/2018,89.800003
4/16/2018,89.43
4/17/2018,89.519997
4/18/2018,89.620003
4/19/2018,89.940002
4/20/2018,90.32
4/23/2018,90.940002
4/24/2018,90.769997
4/25/2018,91.169998
4/26/2018,91.559998
4/27/2018,91.540001
4/30/2018,91.839996
5/1/2018,92.449997
5/2/2018,92.510002
5/3/2018,92.410004
5/4/2018,92.57
5/7/2018,92.75
5/8/2018,93.120003
5/9/2018,93.040001
5/10/2018,92.650002
5/11/2018,92.540001
5/14/2018,92.589996
5/15/2018,93.220001
5/16/2018,93.389999
5/17/2018,93.470001
5/18/2018,93.639999
5/21/2018,93.68
5/22/2018,93.610001
5/23/2018,94.010002
5/24/2018,93.779999
5/25/2018,94.190002
5/29/2018,94.830002
5/30/2018,94.150002
5/31/2018,93.989998
6/1/2018,94.190002
6/4/2018,94.019997
6/5/2018,93.889999
6/6/2018,93.660004
6/7/2018,93.400002
6/8/2018,93.550003
6/11/2018,93.580002
6/12/2018,93.800003
6/13/2018,93.709999
6/14/2018,94.769997
6/15/2018,94.790001
6/18/2018,94.75
6/19/2018,95.089996
6/20/2018,95.059998
6/21/2018,94.870003
6/22/2018,94.519997
6/25/2018,94.279999
6/26/2018,94.68
6/27/2018,95.290001
6/28/2018,95.389999
6/29/2018,94.629997
7/2/2018,94.870003
7/3/2018,94.589996
7/5/2018,94.470001
7/6/2018,94.040001
7/9/2018,94.080002
7/10/2018,94.110001
7/11/2018,94.720001
7/12/2018,94.809998
7/13/2018,94.75
7/16/2018,94.510002
7/17/2018,94.970001
7/18/2018,95.080002
7/19/2018,95.169998
7/20/2018,94.459999
7/23/2018,94.669998
7/24/2018,94.610001
7/25/2018,94.360001
7/26/2018,94.75
7/27/2018,94.68
7/30/2018,94.360001
7/31/2018,94.489998
8/1/2018,94.620003
8/2/2018,95.169998
8/3/2018,95.139999
8/6/2018,95.360001
8/7/2018,95.220001
8/8/2018,95.099998
8/9/2018,95.5
8/10/2018,96.360001
8/13/2018,96.389999
8/14/2018,96.730003
8/15/2018,96.699997
8/16/2018,96.650002
8/17/2018,96.099998
8/20/2018,95.900002
8/21/2018,95.260002
8/22/2018,95.150002
8/23/2018,95.620003
8/24/2018,95.150002
8/27/2018,94.779999
8/28/2018,94.720001
8/29/2018,94.599998
8/30/2018,94.720001
8/31/2018,95.139999
9/4/2018,95.419998
9/5/2018,95.129997
9/6/2018,95.019997
9/7/2018,95.370003
9/10/2018,95.150002
9/11/2018,95.059998
9/12/2018,94.800003
9/13/2018,94.540001
9/14/2018,94.980003
9/17/2018,94.510002
9/18/2018,94.620003
9/19/2018,94.550003
9/20/2018,93.910004
9/21/2018,94.220001
9/24/2018,94.260002
9/25/2018,94.129997
9/26/2018,94.190002
9/27/2018,95
9/28/2018,95.190002
10/1/2018,95.300003
10/2/2018,95.510002
10/3/2018,95.760002
10/4/2018,95.75
10/5/2018,95.620003
10/8/2018,95.769997
10/9/2018,95.68
10/10/2018,95.510002
10/11/2018,95.019997
10/12/2018,95.220001
10/15/2018,95.07
10/16/2018,95.050003
10/17/2018,95.580002
10/18/2018,95.900002
10/19/2018,95.709999
10/22/2018,96.010002
10/23/2018,95.959999
10/24/2018,96.43
10/25/2018,96.68
10/26/2018,96.360001
10/29/2018,96.580002
10/30/2018,97.010002
10/31/2018,97.129997
11/1/2018,96.279999
11/2/2018,96.540001
11/5/2018,96.349998
11/6/2018,96.32
11/7/2018,96
11/8/2018,96.639999
11/9/2018,96.910004
11/12/2018,97.540001
11/13/2018,97.300003
11/14/2018,96.800003
11/15/2018,96.93
11/16/2018,96.470001
11/19/2018,96.190002
11/20/2018,96.809998
11/21/2018,96.709999
11/23/2018,96.919998
11/26/2018,97.07
11/27/2018,97.370003
11/28/2018,96.790001
11/29/2018,96.779999
11/30/2018,97.269997
12/3/2018,97.040001
12/4/2018,96.970001
12/6/2018,96.809998
12/7/2018,96.510002
12/10/2018,97.220001
12/11/2018,97.389999
12/12/2018,97.040001
12/13/2018,97.059998
12/14/2018,97.440002
12/17/2018,97.099998
12/18/2018,97.139999
12/19/2018,97.040001
12/20/2018,96.279999
12/21/2018,96.959999
12/24/2018,96.550003
12/26/2018,97.050003
12/27/2018,96.480003
12/28/2018,96.389999
12/31/2018,96.169998
1/2/2019,96.82
1/3/2019,96.309998
1/4/2019,96.190002
1/7/2019,95.709999
1/8/2019,95.900002
1/9/2019,95.220001
1/10/2019,95.540001
1/11/2019,95.669998
1/14/2019,95.589996
1/15/2019,95.970001
1/16/2019,96.059998
1/17/2019,96.07
1/18/2019,96.339996
1/22/2019,96.300003
1/23/2019,96.120003
1/24/2019,96.599998
1/25/2019,95.790001
1/28/2019,95.75
1/29/2019,95.82
1/30/2019,95.339996
1/31/2019,95.580002
2/1/2019,95.580002
2/4/2019,95.849998
2/5/2019,96.099998
2/6/2019,96.419998
2/7/2019,96.510002
2/8/2019,96.639999
2/11/2019,97.059998
2/12/2019,96.709999
2/13/2019,97.129997
2/14/2019,96.980003
2/15/2019,96.919998
2/19/2019,96.519997
2/20/2019,96.449997
2/21/2019,96.610001
2/22/2019,96.510002
2/25/2019,96.410004
2/26/2019,96
2/27/2019,96.150002
2/28/2019,96.160004
3/1/2019,96.529999
3/4/2019,96.68
3/5/2019,96.849998
3/6/2019,96.870003
3/7/2019,97.669998
3/8/2019,97.370003
3/11/2019,97.220001
3/12/2019,96.940002
3/13/2019,96.550003
3/14/2019,96.790001
3/15/2019,96.599998
3/18/2019,96.519997
3/19/2019,96.379997
3/20/2019,95.760002
3/21/2019,96.5
3/22/2019,96.650002
3/25/2019,96.57
3/26/2019,96.739998
3/27/2019,96.769997
3/28/2019,97.199997
3/29/2019,97.279999
4/1/2019,97.25
4/2/2019,97.360001
4/3/2019,97.089996
4/4/2019,97.309998
4/5/2019,97.400002
4/8/2019,97.050003
4/9/2019,97.010002
4/10/2019,96.949997
4/11/2019,97.18
4/12/2019,96.970001
4/15/2019,96.940002
4/16/2019,97.040001
4/17/2019,97.010002
4/18/2019,97.470001
4/22/2019,97.279999
4/23/2019,97.57
4/24/2019,98.099998
4/25/2019,98.199997
4/26/2019,98.010002
4/29/2019,97.860001
4/30/2019,97.480003
5/1/2019,97.690002
5/2/2019,97.830002
5/3/2019,97.519997
5/6/2019,97.519997
5/7/2019,97.629997
5/8/2019,97.620003
5/9/2019,97.370003
5/10/2019,97.330002
5/13/2019,97.32
5/14/2019,97.529999
5/15/2019,97.57
5/16/2019,97.839996
5/17/2019,98
5/20/2019,97.93
5/21/2019,98.059998
5/22/2019,98.110001
5/23/2019,97.849998
5/24/2019,97.610001
5/28/2019,97.959999
5/29/2019,98.139999
5/30/2019,98.139999
5/31/2019,97.75
6/3/2019,97.139999
6/4/2019,97.07
6/5/2019,97.370003
6/6/2019,97.029999
6/7/2019,96.610001
6/10/2019,96.760002
6/11/2019,96.690002
6/12/2019,97
6/13/2019,97.010002
6/14/2019,97.57
6/17/2019,97.559998
6/18/2019,97.639999
6/19/2019,97.120003
6/20/2019,96.629997
6/21/2019,96.220001
6/24/2019,95.980003
6/25/2019,96.160004
6/26/2019,96.209999
6/27/2019,96.190002
6/28/2019,96.129997
7/1/2019,96.839996
7/2/2019,96.730003
7/3/2019,96.769997
7/5/2019,97.25
7/8/2019,97.379997
7/9/2019,97.489998
7/10/2019,97.099998
7/11/2019,97.050003
7/12/2019,96.809998
7/15/2019,96.93
7/16/2019,97.400002
7/17/2019,97.220001
7/18/2019,96.790001
7/19/2019,97.150002
7/22/2019,97.260002
7/23/2019,97.709999
7/24/2019,97.730003
7/25/2019,97.82
7/26/2019,98.010002
7/29/2019,98.040001
7/30/2019,98.050003
7/31/2019,98.519997
8/1/2019,98.389999
8/2/2019,98.099998
8/5/2019,97.5
8/6/2019,97.629997
8/7/2019,97.540001
8/8/2019,97.620003
8/9/2019,97.489998
8/12/2019,97.379997
8/13/2019,97.809998
8/14/2019,97.989998
8/15/2019,98.139999
8/16/2019,98.139999
8/19/2019,98.349998
8/20/2019,98.190002
8/21/2019,98.300003
8/22/2019,98.169998
8/23/2019,97.639999
8/26/2019,98.080002
8/27/2019,98
8/28/2019,98.209999
8/29/2019,98.510002
8/30/2019,98.919998
9/3/2019,98.949997
9/4/2019,98.449997
9/5/2019,98.410004
9/6/2019,98.389999
9/9/2019,98.279999
9/10/2019,98.330002
9/11/2019,98.650002
9/12/2019,98.309998
9/13/2019,98.260002
9/16/2019,98.650002
9/17/2019,98.260002
9/18/2019,98.599998
9/19/2019,98.269997
9/20/2019,98.510002
9/23/2019,98.599998
9/24/2019,98.339996
9/25/2019,99.040001
9/26/2019,99.209999
9/27/2019,99.110001
9/30/2019,99.379997
10/1/2019,99.129997
10/2/2019,99.040001
10/3/2019,98.860001
10/4/2019,98.809998
10/7/2019,98.989998
10/8/2019,99.139999
10/9/2019,99.120003
10/10/2019,98.709999
10/11/2019,98.300003
10/14/2019,98.449997
10/15/2019,98.290001
10/16/2019,98.010002
10/17/2019,97.610001
10/18/2019,97.279999
10/21/2019,97.330002
10/22/2019,97.529999
10/23/2019,97.470001
10/24/2019,97.629997
10/25/2019,97.830002
10/28/2019,97.760002
10/29/2019,97.690002
10/30/2019,97.650002
10/31/2019,97.349998
11/1/2019,97.239998
11/4/2019,97.510002
11/5/2019,97.980003
11/6/2019,97.949997
11/7/2019,98.139999
11/8/2019,98.349998
11/11/2019,98.199997
11/12/2019,98.309998
11/13/2019,98.370003
11/14/2019,98.160004
11/15/2019,98
11/18/2019,97.790001
11/19/2019,97.860001
11/20/2019,97.93
11/21/2019,97.989998
11/22/2019,98.269997
11/25/2019,98.32
11/26/2019,98.25
11/27/2019,98.410004
11/29/2019,98.269997
12/2/2019,97.860001
12/3/2019,97.739998
12/4/2019,97.650002
12/5/2019,97.410004
12/6/2019,97.699997
12/9/2019,97.639999
12/10/2019,97.410004
12/11/2019,97.160004
12/12/2019,97.400002
12/13/2019,97.169998
12/16/2019,97.07
12/17/2019,97.209999
12/18/2019,97.410004
12/19/2019,97.419998
12/20/2019,97.709999
12/23/2019,97.660004
12/24/2019,97.650002
12/26/2019,97.589996
12/27/2019,96.919998
12/30/2019,96.739998
12/31/2019,96.389999
1/2/2020,96.849998
1/3/2020,96.839996
1/6/2020,96.669998
1/7/2020,96.980003
1/8/2020,97.300003
1/9/2020,97.449997
1/10/2020,97.360001
1/13/2020,97.349998
1/14/2020,97.370003
1/15/2020,97.230003
1/16/2020,97.32
1/17/2020,97.610001
1/21/2020,97.529999
1/22/2020,97.529999
1/23/2020,97.690002
1/24/2020,97.849998
1/27/2020,97.959999
1/28/2020,98.019997
1/29/2020,97.989998
1/30/2020,97.870003
1/31/2020,97.389999
2/3/2020,97.800003
2/4/2020,97.959999
2/5/2020,98.269997
2/6/2020,98.5
2/7/2020,98.68
2/10/2020,98.830002
2/11/2020,98.720001
2/12/2020,99.050003
2/13/2020,99.07
2/14/2020,99.120003
2/18/2020,99.459999
2/19/2020,99.599998
2/20/2020,99.870003
2/21/2020,99.260002
2/24/2020,99.290001
2/25/2020,98.970001
2/26/2020,99
2/27/2020,98.440002
2/28/2020,98.129997
3/2/2020,97.360001
3/3/2020,97.150002
3/4/2020,97.339996
3/5/2020,96.82
3/6/2020,95.949997
3/9/2020,94.900002
3/10/2020,96.410004
3/11/2020,96.510002
3/12/2020,97.470001
3/13/2020,98.75
3/16/2020,98.089996
3/17/2020,99.580002
3/18/2020,101.160004
3/19/2020,102.760002
3/20/2020,102.82
3/23/2020,102.489998
3/24/2020,101.739998
3/25/2020,101.050003
3/26/2020,99.419998
3/27/2020,98.370003
3/30/2020,99.18
3/31/2020,99.050003
4/1/2020,99.669998
4/2/2020,100.18
4/3/2020,100.580002
4/6/2020,100.690002
4/7/2020,99.980003
4/8/2020,100.120003
4/9/2020,99.519997
4/13/2020,99.349998
4/14/2020,98.889999
4/15/2020,99.459999
4/16/2020,100.029999
4/17/2020,99.779999
4/20/2020,99.959999
4/21/2020,100.260002
4/22/2020,100.389999
4/23/2020,100.43
4/24/2020,100.379997
4/27/2020,100.040001
4/28/2020,99.870003
4/29/2020,99.57
4/30/2020,99.019997
5/1/2020,98.800003
5/4/2020,99.480003
5/5/2020,99.709999
5/6/2020,100.089996
5/7/2020,99.889999
5/8/2020,99.730003
5/11/2020,100.239998
5/12/2020,99.93
5/13/2020,100.239998
5/14/2020,100.470001
5/15/2020,100.400002
5/18/2020,99.669998
5/19/2020,99.370003
5/20/2020,99.120003
5/21/2020,99.370003
5/22/2020,99.860001
5/26/2020,98.910004
5/27/2020,99.059998
5/28/2020,98.379997
5/29/2020,98.339996
6/1/2020,97.830002
6/2/2020,97.669998
6/3/2020,97.279999
6/4/2020,96.68
6/5/2020,96.940002
6/8/2020,96.620003
6/9/2020,96.32
6/10/2020,95.959999
6/11/2020,96.730003
6/12/2020,97.32
6/15/2020,96.68
6/16/2020,96.959999
6/17/2020,97.160004
6/18/2020,97.419998
6/19/2020,97.620003
6/22/2020,97.040001
6/23/2020,96.690002
6/24/2020,97.150002
6/25/2020,97.43
6/26/2020,97.5
6/29/2020,97.540001
6/30/2020,97.389999
7/1/2020,97.199997
7/2/2020,97.32
7/6/2020,96.790001
7/7/2020,96.879997
7/8/2020,96.43
7/9/2020,96.699997
7/10/2020,96.650002
7/13/2020,96.459999
7/14/2020,96.260002
7/15/2020,96.080002
7/16/2020,96.349998
7/17/2020,95.940002
7/20/2020,95.830002
7/21/2020,95.120003
7/22/2020,94.970001
7/23/2020,94.690002
7/24/2020,94.440002
7/27/2020,93.669998
7/28/2020,93.760002
7/29/2020,93.260002
7/30/2020,93.019997
7/31/2020,93.489998
8/3/2020,93.5
8/4/2020,93.379997
8/5/2020,92.830002
8/6/2020,92.790001
8/7/2020,93.440002
8/10/2020,93.580002
8/11/2020,93.629997
8/12/2020,93.440002
8/13/2020,93.339996
8/14/2020,93.099998
8/17/2020,92.849998
8/18/2020,92.269997
8/19/2020,92.889999
8/20/2020,92.790001
8/21/2020,93.25
8/24/2020,93.300003
8/25/2020,93.019997
8/26/2020,93.010002
8/27/2020,93.010002
8/28/2020,92.370003
8/31/2020,92.139999
9/1/2020,92.339996
9/2/2020,92.849998
9/3/2020,92.739998
9/4/2020,92.720001
9/8/2020,93.480003
9/9/2020,93.260002
9/10/2020,93.339996
9/11/2020,93.330002
9/14/2020,93.07
9/15/2020,93.050003
9/16/2020,93.209999
9/17/2020,92.970001
9/18/2020,92.93
9/21/2020,93.540001
9/22/2020,93.989998
9/23/2020,94.389999
9/24/2020,94.349998
9/25/2020,94.580002
9/28/2020,94.260002
9/29/2020,93.889999
9/30/2020,93.889999
10/1/2020,93.709999
10/2/2020,93.839996
10/5/2020,93.510002
10/6/2020,93.830002
10/7/2020,93.629997
10/8/2020,93.610001
10/9/2020,93.059998
10/12/2020,93.07
10/13/2020,93.529999
10/14/2020,93.379997
10/15/2020,93.860001
10/16/2020,93.68
10/19/2020,93.43
10/20/2020,93.07
10/21/2020,92.610001
10/22/2020,92.949997
10/23/2020,92.769997
10/26/2020,93.050003
10/27/2020,92.940002
10/28/2020,93.410004
10/29/2020,93.959999
10/30/2020,94.040001
11/2/2020,94.050003
11/3/2020,93.550003
11/4/2020,93.410004
11/5/2020,92.529999
11/6/2020,92.230003
11/9/2020,92.730003
11/10/2020,92.75
11/11/2020,93.040001
11/12/2020,92.959999
11/13/2020,92.760002
11/16/2020,92.57
11/17/2020,92.419998
11/18/2020,92.32
11/19/2020,92.290001
11/20/2020,92.389999
11/23/2020,92.510002
11/24/2020,92.230003
11/25/2020,91.989998
11/27/2020,91.790001
11/30/2020,91.870003
12/1/2020,91.309998
12/2/2020,91.120003
12/3/2020,90.709999
12/4/2020,90.699997
12/7/2020,90.790001
12/8/2020,90.970001
12/9/2020,91.089996
12/10/2020,90.790001
12/11/2020,90.980003
12/14/2020,90.709999
12/15/2020,90.470001
12/16/2020,90.449997
12/17/2020,89.82
12/18/2020,90.019997
12/21/2020,90.040001
12/22/2020,90.650002
12/23/2020,90.410004
12/24/2020,90.330002
12/28/2020,90.339996
12/29/2020,90.010002
12/30/2020,89.629997
12/31/2020,89.940002
1/4/2021,89.879997
1/5/2021,89.440002
1/6/2021,89.529999
1/7/2021,89.830002
1/8/2021,90.099998
1/11/2021,90.540001
1/12/2021,90.050003
1/13/2021,90.32
1/14/2021,90.239998
1/15/2021,90.779999
1/19/2021,90.5
1/20/2021,90.470001
1/21/2021,90.129997
1/22/2021,90.239998
1/25/2021,90.389999
1/26/2021,90.169998
1/27/2021,90.650002
1/28/2021,90.459999
1/29/2021,90.580002
2/1/2021,91.019997
2/2/2021,91.199997
2/3/2021,91.120003
2/4/2021,91.529999
2/5/2021,91.040001
2/8/2021,90.93
2/9/2021,90.440002
2/10/2021,90.370003
2/11/2021,90.419998
2/12/2021,90.480003
2/16/2021,90.510002
2/17/2021,90.949997
2/18/2021,90.589996
2/19/2021,90.360001
2/22/2021,90.010002
2/23/2021,90.169998
2/24/2021,90.18
2/25/2021,90.129997
2/26/2021,90.93
3/1/2021,91.040001
3/2/2021,90.790001
3/3/2021,90.949997
3/4/2021,91.629997
3/5/2021,91.980003
3/8/2021,92.309998
3/9/2021,91.959999
3/10/2021,91.790001
3/11/2021,91.419998
3/12/2021,91.68
3/15/2021,91.830002
3/16/2021,91.870003
3/17/2021,91.400002
3/18/2021,91.849998
3/19/2021,91.919998
3/22/2021,91.800003
3/23/2021,92.339996
3/24/2021,92.529999
3/25/2021,92.879997
3/26/2021,92.769997
3/29/2021,92.940002
3/30/2021,93.300003
3/31/2021,93.230003
4/1/2021,92.93
4/5/2021,92.599998
4/6/2021,92.339996
4/7/2021,92.459999
4/8/2021,92.059998
4/9/2021,92.160004
4/12/2021,92.139999
4/13/2021,91.849998
4/14/2021,91.690002
4/15/2021,91.669998
4/16/2021,91.559998
4/19/2021,91.07
4/20/2021,91.239998
4/21/2021,91.160004
4/22/2021,91.330002
4/23/2021,90.860001
4/26/2021,90.809998
4/27/2021,90.910004
4/28/2021,90.610001
4/29/2021,90.610001
4/30/2021,91.279999
5/3/2021,90.949997
5/4/2021,91.290001
5/5/2021,91.309998
5/6/2021,90.949997
5/7/2021,90.230003
5/10/2021,90.209999
5/11/2021,90.139999
5/12/2021,90.709999
5/13/2021,90.75
5/14/2021,90.32
5/17/2021,90.220001
5/18/2021,89.75
5/19/2021,90.190002
5/20/2021,89.809998
5/21/2021,90.019997
5/24/2021,89.830002
5/25/2021,89.639999
5/26/2021,90.040001
5/27/2021,89.970001
5/28/2021,90.029999
6/1/2021,89.830002
6/2/2021,89.900002
6/3/2021,90.5
6/4/2021,90.139999
6/7/2021,89.949997
6/8/2021,90.080002
6/9/2021,90.120003
6/10/2021,90.080002
6/11/2021,90.559998
6/14/2021,90.519997
6/15/2021,90.540001
6/16/2021,91.129997
6/17/2021,91.889999
6/18/2021,92.230003
6/21/2021,91.860001
6/22/2021,91.730003
6/23/2021,91.800003
6/24/2021,91.82
6/25/2021,91.809998
6/28/2021,91.879997
6/29/2021,92.050003
6/30/2021,92.440002
7/1/2021,92.599998
7/2/2021,92.230003
7/6/2021,92.550003
7/7/2021,92.639999
7/8/2021,92.360001
7/9/2021,92.129997
7/12/2021,92.230003
7/13/2021,92.75
7/14/2021,92.410004
7/15/2021,92.620003
7/16/2021,92.690002
7/19/2021,92.889999
7/20/2021,92.970001
7/21/2021,92.75
7/22/2021,92.82
7/23/2021,92.910004
7/26/2021,92.650002
7/27/2021,92.43
7/28/2021,92.32
7/29/2021,91.860001
7/30/2021,92.169998
8/2/2021,92.050003
8/3/2021,92.080002
8/4/2021,92.269997
8/5/2021,92.239998
8/6/2021,92.800003
8/9/2021,92.949997
8/10/2021,93.059998
8/11/2021,92.910004
8/12/2021,93.040001
8/13/2021,92.519997
8/16/2021,92.629997
8/17/2021,93.129997
8/18/2021,93.139999
8/19/2021,93.57
8/20/2021,93.5
8/23/2021,92.959999
8/24/2021,92.889999
8/25/2021,92.830002
8/26/2021,93.059998
8/27/2021,92.690002
8/30/2021,92.650002
8/31/2021,92.629997
9/1/2021,92.449997
9/2/2021,92.230003
9/3/2021,92.040001
9/7/2021,92.519997
9/8/2021,92.650002
9/9/2021,92.480003
9/10/2021,92.580002
9/13/2021,92.620003
9/14/2021,92.650002
9/15/2021,92.489998
9/16/2021,92.860001
9/17/2021,93.199997
9/20/2021,93.239998
9/21/2021,93.199997
9/22/2021,93.459999
9/23/2021,93.099998
9/24/2021,93.330002
9/27/2021,93.379997
9/28/2021,93.769997
9/29/2021,94.339996
9/30/2021,94.25
10/1/2021,94.040001
10/4/2021,93.809998
10/5/2021,93.980003
10/6/2021,94.269997
10/7/2021,94.220001
10/8/2021,94.07
10/11/2021,94.32
10/12/2021,94.519997
10/13/2021,94.080002
10/14/2021,93.959999
10/15/2021,93.940002
10/18/2021,93.949997
10/19/2021,93.790001
10/20/2021,93.559998
10/21/2021,93.769997
10/22/2021,93.610001
10/25/2021,93.809998
10/26/2021,93.949997
10/27/2021,93.860001
10/28/2021,93.349998
10/29/2021,94.120003
11/1/2021,93.879997
11/2/2021,94.089996
11/3/2021,93.860001
11/4/2021,94.349998
11/5/2021,94.32
11/8/2021,94.050003
11/9/2021,93.959999
11/10/2021,94.849998
11/11/2021,95.18
11/12/2021,95.129997
11/15/2021,95.410004
11/16/2021,95.919998
11/17/2021,95.830002
11/18/2021,95.540001
11/19/2021,96.07
11/22/2021,96.5
11/23/2021,96.489998
11/24/2021,96.839996
11/26/2021,96.089996
11/29/2021,96.339996
11/30/2021,95.989998
12/1/2021,96.050003
12/2/2021,96.129997
12/3/2021,96.120003
12/6/2021,96.290001
12/7/2021,96.370003
12/8/2021,95.889999
12/9/2021,96.269997
12/10/2021,96.050003
12/13/2021,96.32
12/14/2021,96.57
12/15/2021,96.510002
12/16/2021,96.040001
12/17/2021,96.57
12/20/2021,96.550003
12/21/2021,96.489998
12/22/2021,96.080002
12/23/2021,96.019997
12/27/2021,96.089996
12/28/2021,96.199997
12/29/2021,95.93
12/30/2021,95.970001
12/31/2021,95.669998
1/3/2022,96.239998
1/4/2022,96.290001
1/5/2022,96.190002
1/6/2022,96.25
1/7/2022,95.739998
1/10/2022,95.989998
1/11/2022,95.620003
1/12/2022,95
1/13/2022,94.790001
1/14/2022,95.169998
1/18/2022,95.730003
1/19/2022,95.510002
1/20/2022,95.739998
1/21/2022,95.639999
1/24/2022,95.919998
1/25/2022,95.949997
1/26/2022,96.489998
1/27/2022,97.260002
1/28/2022,97.269997
1/31/2022,96.540001
2/1/2022,96.389999
2/2/2022,95.940002
2/3/2022,95.379997
2/4/2022,95.480003
2/7/2022,95.400002
2/8/2022,95.639999
2/9/2022,95.489998
2/10/2022,95.550003
2/11/2022,96.080002
2/14/2022,96.370003
2/15/2022,95.989998
2/16/2022,95.699997
2/17/2022,95.800003
2/18/2022,96.040001
2/22/2022,96.029999
2/23/2022,96.190002
2/24/2022,97.139999
2/25/2022,96.620003
2/28/2022,96.709999
3/1/2022,97.410004
3/2/2022,97.389999
3/3/2022,97.790001
3/4/2022,98.650002
3/7/2022,99.290001
3/8/2022,99.059998
3/9/2022,97.970001
3/10/2022,98.510002
3/11/2022,99.120003
3/14/2022,99.059998
3/15/2022,99.07
3/16/2022,98.379997
3/17/2022,98.010002
3/18/2022,98.230003
3/21/2022,98.5
3/22/2022,98.489998
3/23/2022,98.620003
3/24/2022,98.790001
3/25/2022,98.809998
3/28/2022,99.089996
3/29/2022,98.400002
3/30/2022,97.790001
3/31/2022,98.309998
4/1/2022,98.629997
4/4/2022,98.989998
4/5/2022,99.470001
4/6/2022,99.599998
4/7/2022,99.75
4/8/2022,99.800003
4/11/2022,99.93
4/12/2022,100.290001
4/13/2022,99.879997
4/14/2022,100.32
4/18/2022,100.779999
4/19/2022,100.959999
4/20/2022,100.389999
4/21/2022,100.580002
4/22/2022,101.220001
4/25/2022,101.75
4/26/2022,102.300003
4/27/2022,102.949997
4/28/2022,103.620003
4/29/2022,102.959999
5/2/2022,103.739998
5/3/2022,103.470001
5/4/2022,102.589996
5/5/2022,103.75
5/6/2022,103.660004
5/9/2022,103.650002
5/10/2022,103.919998
5/11/2022,103.849998
5/12/2022,104.849998
5/13/2022,104.559998
5/16/2022,104.190002
5/17/2022,103.360001
5/18/2022,103.809998
5/19/2022,102.720001
5/20/2022,103.150002
5/23/2022,102.080002
5/24/2022,101.860001
5/25/2022,102.059998
5/26/2022,101.830002
5/27/2022,101.669998
5/30/2022,101.370003
5/31/2022,101.75
6/1/2022,102.550003
6/2/2022,101.769997
6/3/2022,102.139999
6/6/2022,102.440002
6/7/2022,102.32
6/8/2022,102.540001
6/9/2022,103.220001
6/10/2022,104.150002
6/13/2022,105.080002
6/14/2022,105.519997
6/15/2022,105.160004
6/16/2022,103.629997
6/17/2022,104.699997
6/20/2022,104.480003
6/21/2022,104.440002
6/22/2022,104.199997
6/23/2022,104.43
6/24/2022,104.190002
6/27/2022,103.940002
6/28/2022,104.510002
6/29/2022,105.110001
6/30/2022,104.690002
7/1/2022,105.139999
7/4/2022,105.190002
7/5/2022,106.5
7/6/2022,107.099998
7/7/2022,107.129997
7/8/2022,107.010002
7/11/2022,108.019997
7/12/2022,108.07
7/13/2022,107.959999
7/14/2022,108.540001
7/15/2022,108.059998
7/18/2022,107.370003
7/19/2022,106.68
7/20/2022,107.080002
7/21/2022,106.910004
7/22/2022,106.730003
7/25/2022,106.480003
7/26/2022,107.190002
7/27/2022,106.449997
7/28/2022,106.349998
7/29/2022,105.900002
8/1/2022,105.449997
8/2/2022,106.239998
8/3/2022,106.510002
8/4/2022,105.690002
8/5/2022,106.620003
8/8/2022,106.440002
8/9/2022,106.370003
8/10/2022,105.199997
8/11/2022,105.089996
8/12/2022,105.629997
8/15/2022,106.550003
8/16/2022,106.5
8/17/2022,106.57
8/18/2022,107.480003
8/19/2022,108.169998
8/22/2022,109.050003
8/23/2022,108.620003
8/24/2022,108.68
8/25/2022,108.470001
8/26/2022,108.800003
8/29/2022,108.839996
8/30/2022,108.769997
8/31/2022,108.699997
9/1/2022,109.690002
9/2/2022,109.529999
9/6/2022,110.209999
9/7/2022,109.839996
9/8/2022,109.709999
9/9/2022,109
9/12/2022,108.330002
9/13/2022,109.82
9/14/2022,109.660004
9/15/2022,109.739998
9/16/2022,109.760002
9/19/2022,109.739998
9/20/2022,110.220001
9/21/2022,110.639999
9/22/2022,111.349998
9/23/2022,113.190002
9/26/2022,114.099998
9/27/2022,114.110001
9/28/2022,112.599998
9/29/2022,112.25
9/30/2022,112.120003
10/3/2022,111.75
10/4/2022,110.07
10/5/2022,111.07
10/6/2022,112.260002
10/7/2022,112.800003
10/10/2022,113.139999
10/11/2022,113.220001
10/12/2022,113.32
10/13/2022,112.360001
10/14/2022,113.309998
10/17/2022,112.040001
10/18/2022,112.129997
10/19/2022,112.980003
10/20/2022,112.879997
10/21/2022,112.010002
10/24/2022,111.989998
10/25/2022,110.949997
10/26/2022,109.699997
10/27/2022,110.589996
10/28/2022,110.669998
10/31/2022,111.529999
11/1/2022,111.480003
11/2/2022,111.349998
11/3/2022,112.93
11/4/2022,110.879997
11/7/2022,110.120003
11/8/2022,109.620003
11/9/2022,110.550003
11/10/2022,108.209999
11/11/2022,106.290001
11/14/2022,106.660004
11/15/2022,106.400002
11/16/2022,106.279999
11/17/2022,106.690002
11/18/2022,106.93
11/21/2022,107.839996
11/22/2022,107.220001
11/23/2022,106.080002
11/24/2022,105.849998
11/25/2022,105.959999
11/28/2022,106.68
11/29/2022,106.82
11/30/2022,105.949997
12/1/2022,104.730003
12/2/2022,104.550003
12/5/2022,105.290001
12/6/2022,105.580002
12/7/2022,105.099998
12/8/2022,104.769997
12/9/2022,104.809998
12/12/2022,105.129997
12/13/2022,103.980003
12/14/2022,103.769997
12/15/2022,104.559998
12/16/2022,104.699997
12/19/2022,104.720001
12/20/2022,103.970001
12/21/2022,104.160004
12/22/2022,104.43
12/23/2022,104.309998
12/27/2022,104.18
12/28/2022,104.459999
